﻿<?xml version="1.0" encoding="utf-8" ?>
<Advertisements>
  <Ad>
    <ImageUrl>/image/beti.jpg</ImageUrl>
    <NavigateUrl>http://wcd.nic.in/BBBPScheme/main.htm</NavigateUrl>
    <Impressions>3</Impressions>
  </Ad>
  <Ad>
    <ImageUrl>/image/hi.jpg</ImageUrl>
    <NavigateUrl>https://twitter.com/swachhbharat</NavigateUrl>
    <Impressions>3</Impressions>
  </Ad>
  <Ad>
    <ImageUrl>/image/dress.jpg</ImageUrl>
    <NavigateUrl>https://myntra.com</NavigateUrl>
    <Impressions>3</Impressions>
  </Ad>
  <Ad>
    <ImageUrl>/image/hotels.jpg</ImageUrl>
    <NavigateUrl>https://www.makemytrip.com</NavigateUrl>
    <Impressions>3</Impressions>
  </Ad>

</Advertisements>
